,type,geometry.type,geometry.coordinates,properties.publicID,properties.time,properties.depth,properties.magnitude,properties.mmi,properties.locality,properties.quality,longitude,latitude
0,Feature,Point,"[176.5027618, -40.26153946]",2023p451840,2023-06-17T04:20:32.528Z,22.36247253,1.016961128,-1,10 km north-west of Porangahau,best,176.5027618,-40.26153946
1,Feature,Point,"[173.824707, -39.96683884]",2023p451588,2023-06-17T02:06:18.969Z,127.796402,2.678867631,-1,55 km south of Opunake,best,173.824707,-39.96683884
2,Feature,Point,"[174.2817841, -41.62664032]",2023p451548,2023-06-17T01:44:56.766Z,10.98022079,2.357282045,2,15 km east of Seddon,best,174.2817841,-41.62664032
3,Feature,Point,"[174.2713776, -41.63146591]",2023p451529,2023-06-17T01:34:59.196Z,13.19105721,2.598971679,3,15 km east of Seddon,best,174.2713776,-41.63146591
4,Feature,Point,"[175.1967773, -41.20030975]",2023p451512,2023-06-17T01:25:38.990Z,21.51051903,1.72976274,-1,10 km south-east of Upper Hutt,best,175.1967773,-41.20030975
5,Feature,Point,"[177.0677032, -38.63851166]",2023p451511,2023-06-17T01:25:11.803Z,6.879760742,2.097985994,1,35 km south-east of Murupara,best,177.0677032,-38.63851166
6,Feature,Point,"[175.2740326, -39.11979294]",2023p451264,2023-06-16T23:13:54.820Z,5.0,1.589716786,-1,25 km south of Taumarunui,best,175.2740326,-39.11979294
7,Feature,Point,"[179.3117065, -35.26704407]",2023p451118,2023-06-16T21:55:31.311Z,241.4695435,3.684014585,-1,275 km north of Te Araroa,best,179.3117065,-35.26704407
8,Feature,Point,"[177.6541443, -39.23551178]",2023p451071,2023-06-16T21:30:55.162Z,18.15440178,1.988851286,-1,25 km south-east of Wairoa,best,177.6541443,-39.23551178
9,Feature,Point,"[173.9703369, -39.96592331]",2023p451041,2023-06-16T21:14:55.393Z,145.23349,2.01179439,-1,50 km south-west of Hawera,best,173.9703369,-39.96592331
10,Feature,Point,"[175.0274048, -39.38486862]",2023p450944,2023-06-16T20:23:29.001Z,20.30813789,1.616892086,-1,30 km west of Ohakune,best,175.0274048,-39.38486862
11,Feature,Point,"[173.4638824, -41.10002899]",2023p450921,2023-06-16T20:10:46.625Z,71.7232666,1.761266038,-1,20 km north-east of Nelson,best,173.4638824,-41.10002899
12,Feature,Point,"[177.5905762, -38.24865341]",2023p450910,2023-06-16T20:04:57.203Z,51.39950562,2.116730622,-1,10 km north-east of Matawai,best,177.5905762,-38.24865341
13,Feature,Point,"[172.0244141, -43.18622589]",2023p450846,2023-06-16T19:30:57.827Z,5.0,2.52110978,2,15 km north-west of Oxford,best,172.0244141,-43.18622589
14,Feature,Point,"[178.8132172, -35.20054626]",2023p450837,2023-06-16T19:25:36.556Z,206.2785339,3.603292988,-1,270 km north of Te Araroa,best,178.8132172,-35.20054626
15,Feature,Point,"[176.1837422, -39.87541061]",2023p450821,2023-06-16T19:17:54.730Z,5.9375,2.641200852,2,30 km north-west of Waipukurau,deleted,176.1837422,-39.87541061
16,Feature,Point,"[167.5005798, -45.00455475]",2023p450798,2023-06-16T19:05:17.215Z,43.98927307,3.309490016,2,45 km north of Te Anau,best,167.5005798,-45.00455475
17,Feature,Point,"[-176.350235, -24.64706993]",2023p450703,2023-06-16T18:12:00.836Z,100.0,4.562626231,-1,1515 km north-east of Whangarei,preliminary,-176.350235,-24.64706993
18,Feature,Point,"[177.739624, -39.04751968]",2023p450618,2023-06-16T17:29:44.534Z,15.89392185,1.141361511,-1,25 km east of Wairoa,best,177.739624,-39.04751968
19,Feature,Point,"[174.8713226, -40.96676254]",2023p450548,2023-06-16T16:52:06.709Z,25.58830452,2.492578673,2,10 km south-west of Paraparaumu,best,174.8713226,-40.96676254
20,Feature,Point,"[176.0810242, -38.65416336]",2023p450414,2023-06-16T15:40:36.996Z,2.201634407,1.638959511,-1,5 km north of Taupo,best,176.0810242,-38.65416336
21,Feature,Point,"[175.8430634, -38.93252182]",2023p450366,2023-06-16T15:15:30.465Z,7.458013535,1.070844054,-1,5 km north-east of Turangi,preliminary,175.8430634,-38.93252182
22,Feature,Point,"[176.1105804, -38.71794891]",2023p450326,2023-06-16T14:53:52.928Z,73.51836395,2.721418234,-1,Within 5 km of Taupo,best,176.1105804,-38.71794891
23,Feature,Point,"[175.7046814, -38.91109848]",2023p450302,2023-06-16T14:41:27.148Z,95.71204376,1.727047735,-1,10 km north-west of Turangi,preliminary,175.7046814,-38.91109848
24,Feature,Point,"[175.4888, -37.3496666]",2023p450301,2023-06-16T14:40:52.120Z,278.6080933,2.566140254,-1,20 km south of Thames,preliminary,175.4888,-37.3496666
25,Feature,Point,"[176.0174103, -38.31299591]",2023p450227,2023-06-16T14:01:33.430Z,141.0873413,2.802882474,-1,15 km south-east of Tokoroa,best,176.0174103,-38.31299591
26,Feature,Point,"[178.0107603, -39.74724644]",2023p450177,2023-06-16T13:35:01.576Z,33.125,2.141061659,-1,90 km south-east of Wairoa,automatic,178.0107603,-39.74724644
27,Feature,Point,"[174.0552368, -41.1590538]",2023p450156,2023-06-16T13:23:11.414Z,31.16244125,1.573728919,-1,15 km north of Picton,best,174.0552368,-41.1590538
28,Feature,Point,"[177.5759583, -39.21395111]",2023p450143,2023-06-16T13:16:15.858Z,13.59533882,1.928115378,-1,20 km south-east of Wairoa,best,177.5759583,-39.21395111
29,Feature,Point,"[174.1869507, -41.75374985]",2023p450080,2023-06-16T12:43:00.663Z,12.48424911,2.786940765,3,10 km south-east of Seddon,best,174.1869507,-41.75374985
30,Feature,Point,"[177.5490723, -38.54126358]",2023p450068,2023-06-16T12:36:18.633Z,38.39011765,1.240431154,-1,20 km south of Matawai,best,177.5490723,-38.54126358
31,Feature,Point,"[174.4434052, -41.65374756]",2023p450065,2023-06-16T12:34:44.881Z,36.12665176,1.503914632,-1,30 km east of Seddon,best,174.4434052,-41.65374756
32,Feature,Point,"[172.4456177, -41.83121872]",2023p450061,2023-06-16T12:32:52.666Z,50.11081314,2.325930016,-1,10 km east of Murchison,best,172.4456177,-41.83121872
33,Feature,Point,"[174.9714813, -41.48490524]",2023p450057,2023-06-16T12:30:31.839Z,34.44579315,1.660808403,-1,25 km south-east of Wellington,best,174.9714813,-41.48490524
34,Feature,Point,"[176.397171, -37.80894089]",2023p450020,2023-06-16T12:10:40.235Z,144.1552582,2.13113822,-1,20 km south-east of Tauranga,best,176.397171,-37.80894089
35,Feature,Point,"[174.0928802, -39.96944046]",2023p449988,2023-06-16T11:53:45.860Z,90.18572998,2.430592755,-1,45 km south of Hawera,best,174.0928802,-39.96944046
36,Feature,Point,"[175.5001526, -40.69919205]",2023p449987,2023-06-16T11:53:35.240Z,30.54758644,0.5173781194,-1,15 km west of Eketahuna,best,175.5001526,-40.69919205
37,Feature,Point,"[173.5714111, -41.22180176]",2023p449958,2023-06-16T11:37:59.994Z,68.73789215,2.204104302,-1,25 km east of Nelson,best,173.5714111,-41.22180176
38,Feature,Point,"[175.482254, -39.6862793]",2023p449949,2023-06-16T11:33:04.366Z,48.95362854,1.645580545,-1,25 km west of Taihape,best,175.482254,-39.6862793
39,Feature,Point,"[175.066803, -38.85803604]",2023p449945,2023-06-16T11:31:00.856Z,197.82901,2.514907151,-1,15 km west of Taumarunui,best,175.066803,-38.85803604
40,Feature,Point,"[177.5845032, -39.23640823]",2023p449893,2023-06-16T11:03:13.747Z,14.39100456,1.985496914,2,25 km south-east of Wairoa,best,177.5845032,-39.23640823
41,Feature,Point,"[176.568203, -39.39284918]",2023p449872,2023-06-16T10:52:17.540Z,5.234375,2.256664759,1,30 km north-west of Napier,deleted,176.568203,-39.39284918
42,Feature,Point,"[176.3622437, -40.05125046]",2023p449785,2023-06-16T10:05:55.647Z,27.30460358,1.443768006,-1,15 km west of Waipukurau,preliminary,176.3622437,-40.05125046
43,Feature,Point,"[175.6993256, -40.53993988]",2023p449783,2023-06-16T10:04:30.648Z,20.35803795,1.380898577,-1,10 km north of Eketahuna,best,175.6993256,-40.53993988
44,Feature,Point,"[177.5347137, -37.80207062]",2023p449770,2023-06-16T09:57:29.078Z,27.38692474,1.890093836,-1,10 km south-west of Te Kaha,best,177.5347137,-37.80207062
45,Feature,Point,"[177.7683258, -39.07139206]",2023p449737,2023-06-16T09:40:03.382Z,13.4412365,2.120335338,2,30 km east of Wairoa,best,177.7683258,-39.07139206
46,Feature,Point,"[177.2081451, -37.1216774]",2023p449703,2023-06-16T09:21:52.795Z,135.1233215,2.399248996,-1,80 km north-west of Te Kaha,best,177.2081451,-37.1216774
47,Feature,Point,"[177.5445862, -37.79545593]",2023p449682,2023-06-16T09:10:27.658Z,29.12591743,2.914927878,3,10 km south-west of Te Kaha,best,177.5445862,-37.79545593
48,Feature,Point,"[177.5563507, -37.81212234]",2023p449681,2023-06-16T09:10:02.748Z,32.1235199,1.572135433,-1,10 km south-west of Te Kaha,best,177.5563507,-37.81212234
49,Feature,Point,"[176.7607422, -38.64940643]",2023p449658,2023-06-16T08:58:14.957Z,39.7163887,1.685878611,-1,20 km south of Murupara,best,176.7607422,-38.64940643
50,Feature,Point,"[177.7522888, -39.06509018]",2023p449648,2023-06-16T08:52:55.448Z,15.38939381,2.654214831,2,25 km east of Wairoa,best,177.7522888,-39.06509018
51,Feature,Point,"[-174.3813934, -24.26560593]",2023p449652,2023-06-16T08:51:06.436Z,33.0,4.590747619,-1,1670 km north-east of Whangarei,preliminary,-174.3813934,-24.26560593
52,Feature,Point,"[175.8116631, -40.53521547]",2023p449641,2023-06-16T08:48:50.756Z,5.234375,1.466127402,-1,15 km north-east of Eketahuna,deleted,175.8116631,-40.53521547
53,Feature,Point,"[-173.702713, -25.54653168]",2023p449634,2023-06-16T08:41:48.605Z,100.0,4.931500378,-1,1605 km north-east of Whangarei,best,-173.702713,-25.54653168
54,Feature,Point,"[176.4744447, -40.12334188]",2023p449584,2023-06-16T08:18:36.972Z,5.234375,2.275034791,2,15 km south-west of Waipukurau,deleted,176.4744447,-40.12334188
55,Feature,Point,"[177.9728486, -38.1387514]",2023p449582,2023-06-16T08:17:48.399Z,9.21875,2.530888005,2,30 km west of Tokomaru Bay,deleted,177.9728486,-38.1387514
56,Feature,Point,"[175.8299561, -39.50451279]",2023p449505,2023-06-16T07:36:42.532Z,42.39854431,2.184705977,-1,15 km north of Taihape,best,175.8299561,-39.50451279
57,Feature,Point,"[175.6572266, -38.5865097]",2023p449501,2023-06-16T07:34:19.020Z,108.697197,1.964448262,-1,35 km west of Taupo,best,175.6572266,-38.5865097
58,Feature,Point,"[174.4865417, -40.97000122]",2023p449348,2023-06-16T06:13:10.255Z,25.37851524,2.615279995,2,30 km north-west of Porirua,best,174.4865417,-40.97000122
59,Feature,Point,"[176.2861328, -40.48482895]",2023p449305,2023-06-16T05:49:48.264Z,15.10895443,1.778356608,-1,10 km north-east of Pongaroa,best,176.2861328,-40.48482895
60,Feature,Point,"[176.2815552, -37.93312454]",2023p449241,2023-06-16T05:15:52.306Z,115.4609833,2.228971967,-1,20 km north of Rotorua,best,176.2815552,-37.93312454
61,Feature,Point,"[175.7092495, -40.6997107]",2023p449220,2023-06-16T05:04:37.010Z,5.46875,2.061615427,3,5 km south of Eketahuna,deleted,175.7092495,-40.6997107
62,Feature,Point,"[177.3524323, -36.32343292]",2023p449216,2023-06-16T05:02:36.996Z,241.0724487,3.871079735,-1,155 km east of Whitianga,best,177.3524323,-36.32343292
63,Feature,Point,"[173.5258484, -42.18670654]",2023p449162,2023-06-16T04:33:55.007Z,5.0,2.619734582,2,25 km north-west of Kaikoura,best,173.5258484,-42.18670654
64,Feature,Point,"[176.4176636, -40.49373627]",2023p449106,2023-06-16T04:04:05.717Z,19.12892914,1.542434448,-1,20 km east of Pongaroa,best,176.4176636,-40.49373627
65,Feature,Point,"[174.2867889, -41.70487595]",2023p449071,2023-06-16T03:45:23.044Z,14.44044209,2.065212728,2,15 km east of Seddon,best,174.2867889,-41.70487595
66,Feature,Point,"[176.8726044, -39.69172287]",2023p448917,2023-06-16T02:23:04.260Z,31.75762367,1.824866929,-1,5 km south-east of Hastings,best,176.8726044,-39.69172287
67,Feature,Point,"[176.7618408, -40.30765152]",2023p448713,2023-06-16T00:34:43.355Z,12.11849308,3.172316205,4,10 km east of Porangahau,best,176.7618408,-40.30765152
68,Feature,Point,"[176.5803528, -40.26995468]",2023p448673,2023-06-16T00:13:10.235Z,15.72926998,1.963783949,-1,Within 5 km of Porangahau,best,176.5803528,-40.26995468
69,Feature,Point,"[175.7716522, -40.86022186]",2023p448657,2023-06-16T00:04:45.474Z,16.10697937,1.079772338,-1,10 km north-east of Masterton,best,175.7716522,-40.86022186
70,Feature,Point,"[176.1530179, -40.08618101]",2023p448389,2023-06-15T21:41:56.310Z,5.46875,2.14700454,2,10 km north of Dannevirke,deleted,176.1530179,-40.08618101
71,Feature,Point,"[-177.2552185, -30.08615303]",2023p448384,2023-06-15T21:37:24.024Z,303.7191162,3.978116452,-1,1005 km north-east of Whangarei,best,-177.2552185,-30.08615303
72,Feature,Point,"[174.9441071, -41.02334595]",2023p448367,2023-06-15T21:30:27.149Z,23.42351151,1.826947395,-1,10 km south of Paraparaumu,best,174.9441071,-41.02334595
73,Feature,Point,"[174.8742218, -39.32740402]",2023p448361,2023-06-15T21:27:04.272Z,22.78665924,1.546263556,-1,45 km west of Ohakune,best,174.8742218,-39.32740402
74,Feature,Point,"[177.5378418, -39.4329834]",2023p448338,2023-06-15T21:14:51.749Z,22.74299622,2.356879338,1,40 km south of Wairoa,best,177.5378418,-39.4329834
75,Feature,Point,"[173.2194061, -39.27172089]",2023p448132,2023-06-15T19:24:44.892Z,31.86940193,1.828705818,-1,55 km west of Opunake,best,173.2194061,-39.27172089
76,Feature,Point,"[175.7472382, -38.64283371]",2023p448070,2023-06-15T18:52:02.536Z,132.9765778,2.210186587,-1,25 km west of Taupo,best,175.7472382,-38.64283371
77,Feature,Point,"[174.5859833, -41.37561798]",2023p448027,2023-06-15T18:29:16.823Z,20.30330467,1.953813702,-1,15 km south-west of Wellington,best,174.5859833,-41.37561798
78,Feature,Point,"[167.6010284, -45.03998947]",2023p448015,2023-06-15T18:22:23.747Z,61.77062225,2.308114929,-1,40 km north of Te Anau,best,167.6010284,-45.03998947
79,Feature,Point,"[174.7206378, -39.06733385]",2023p448012,2023-06-15T18:21:26.960Z,98.75,3.796354708,-1,40 km south of Mokau,deleted,174.7206378,-39.06733385
80,Feature,Point,"[176.7793069, -38.93180671]",2023p447997,2023-06-15T18:13:04.088Z,5.46875,4.593682163,3,50 km south of Murupara,deleted,176.7793069,-38.93180671
81,Feature,Point,"[177.9332492, -38.25079842]",2023p447996,2023-06-15T18:12:39.405Z,5.46875,4.281677029,3,30 km west of Tolaga Bay,deleted,177.9332492,-38.25079842
82,Feature,Point,"[172.6117328, -41.94457996]",2023p447992,2023-06-15T18:10:40.148Z,41.5625,4.089952702,4,25 km south-west of St Arnaud,deleted,172.6117328,-41.94457996
83,Feature,Point,"[177.4230932, -38.42000028]",2023p447991,2023-06-15T18:09:48.634Z,56.5625,4.000684892,4,10 km south-west of Matawai,deleted,177.4230932,-38.42000028
84,Feature,Point,"[175.7850494, -38.17984009]",2023p447984,2023-06-15T18:05:46.770Z,143.5345612,1.511506972,-1,5 km north-west of Tokoroa,best,175.7850494,-38.17984009
85,Feature,Point,"[177.9008981, -38.28311592]",2023p447965,2023-06-15T17:55:46.690Z,5.46875,2.344610201,1,30 km east of Matawai,deleted,177.9008981,-38.28311592
86,Feature,Point,"[-179.350647, -31.63843346]",2023p447962,2023-06-15T17:52:52.287Z,33.0,4.37608919,-1,740 km north-east of Whangarei,best,-179.350647,-31.63843346
87,Feature,Point,"[174.7275238, -40.82427597]",2023p447941,2023-06-15T17:43:08.520Z,7.969913006,1.414553651,-1,25 km north-west of Paraparaumu,best,174.7275238,-40.82427597
88,Feature,Point,"[176.7689972, -38.01958466]",2023p447786,2023-06-15T16:20:33.715Z,5.0,1.662741434,-1,15 km west of Whakatane,best,176.7689972,-38.01958466
89,Feature,Point,"[174.4204712, -40.48246002]",2023p447689,2023-06-15T15:28:54.461Z,55.64807129,2.490217541,-1,65 km north-west of Paraparaumu,best,174.4204712,-40.48246002
90,Feature,Point,"[176.0377045, -39.17963409]",2023p447687,2023-06-15T15:27:39.699Z,5.0,1.42474162,-1,25 km south-east of Turangi,best,176.0377045,-39.17963409
91,Feature,Point,"[175.4524078, -39.63383484]",2023p447617,2023-06-15T14:50:37.318Z,8.17457962,1.302809749,-1,20 km south of Ohakune,best,175.4524078,-39.63383484
92,Feature,Point,"[174.3485107, -39.47895813]",2023p447566,2023-06-15T14:22:50.342Z,124.2470627,1.923336705,-1,10 km north-east of Hawera,best,174.3485107,-39.47895813
93,Feature,Point,"[178.4056702, -38.33310318]",2023p447565,2023-06-15T14:22:46.245Z,18.51624298,1.80049396,-1,10 km north-east of Tolaga Bay,best,178.4056702,-38.33310318
0,Feature,Point,"[174.2713776, -41.63146591]",2023p451529,2023-06-17T01:34:59.196Z,13.19105721,2.598971679,3,15 km east of Seddon,best,174.2713776,-41.63146591
1,Feature,Point,"[174.1869507, -41.75374985]",2023p450080,2023-06-16T12:43:00.663Z,12.48424911,2.786940765,3,10 km south-east of Seddon,best,174.1869507,-41.75374985
2,Feature,Point,"[177.5445862, -37.79545593]",2023p449682,2023-06-16T09:10:27.658Z,29.12591743,2.914927878,3,10 km south-west of Te Kaha,best,177.5445862,-37.79545593
3,Feature,Point,"[175.7092495, -40.6997107]",2023p449220,2023-06-16T05:04:37.010Z,5.46875,2.061615427,3,5 km south of Eketahuna,deleted,175.7092495,-40.6997107
4,Feature,Point,"[176.7618408, -40.30765152]",2023p448713,2023-06-16T00:34:43.355Z,12.11849308,3.172316205,4,10 km east of Porangahau,best,176.7618408,-40.30765152
5,Feature,Point,"[176.7793069, -38.93180671]",2023p447997,2023-06-15T18:13:04.088Z,5.46875,4.593682163,3,50 km south of Murupara,deleted,176.7793069,-38.93180671
6,Feature,Point,"[177.9332492, -38.25079842]",2023p447996,2023-06-15T18:12:39.405Z,5.46875,4.281677029,3,30 km west of Tolaga Bay,deleted,177.9332492,-38.25079842
7,Feature,Point,"[172.6117328, -41.94457996]",2023p447992,2023-06-15T18:10:40.148Z,41.5625,4.089952702,4,25 km south-west of St Arnaud,deleted,172.6117328,-41.94457996
8,Feature,Point,"[177.4230932, -38.42000028]",2023p447991,2023-06-15T18:09:48.634Z,56.5625,4.000684892,4,10 km south-west of Matawai,deleted,177.4230932,-38.42000028
9,Feature,Point,"[174.1972656, -41.77637863]",2023p445975,2023-06-15T00:15:57.229Z,7.801111221,2.761655875,3,15 km south-east of Seddon,best,174.1972656,-41.77637863
10,Feature,Point,"[176.0910187, -39.05555344]",2023p445110,2023-06-14T16:34:50.765Z,54.05171585,3.322328596,3,25 km east of Turangi,best,176.0910187,-39.05555344
11,Feature,Point,"[178.4628448, -38.32086182]",2023p444862,2023-06-14T14:22:45.807Z,21.30880356,2.600050697,3,15 km east of Tolaga Bay,best,178.4628448,-38.32086182
12,Feature,Point,"[176.7593536, -40.30799866]",2023p444037,2023-06-14T07:03:06.398Z,10.4506216,2.531857928,3,10 km east of Porangahau,best,176.7593536,-40.30799866
13,Feature,Point,"[176.7284851, -40.30025101]",2023p443755,2023-06-14T04:32:41.588Z,14.28466797,2.995928947,4,5 km east of Porangahau,best,176.7284851,-40.30025101
14,Feature,Point,"[176.7227936, -40.28342056]",2023p443566,2023-06-14T02:52:27.714Z,10.67534065,2.127274647,3,5 km east of Porangahau,best,176.7227936,-40.28342056
15,Feature,Point,"[176.7256775, -40.29194641]",2023p442528,2023-06-13T17:39:10.334Z,12.80636883,2.487348685,3,5 km east of Porangahau,best,176.7256775,-40.29194641
16,Feature,Point,"[176.7035828, -40.30312347]",2023p442436,2023-06-13T16:50:15.865Z,13.24548626,2.633009438,3,5 km east of Porangahau,best,176.7035828,-40.30312347
17,Feature,Point,"[176.7368317, -40.29541779]",2023p441612,2023-06-13T09:30:57.352Z,10.70683098,2.599558012,3,5 km east of Porangahau,best,176.7368317,-40.29541779
18,Feature,Point,"[176.7337189, -40.29341888]",2023p440473,2023-06-12T23:24:21.604Z,12.43116188,2.986319034,4,5 km east of Porangahau,best,176.7337189,-40.29341888
19,Feature,Point,"[176.7728119, -40.30520248]",2023p439915,2023-06-12T18:27:06.230Z,8.590465546,2.35137858,3,10 km east of Porangahau,best,176.7728119,-40.30520248
20,Feature,Point,"[176.7154083, -40.30103683]",2023p439808,2023-06-12T17:30:01.744Z,15.11966228,2.518504242,3,5 km east of Porangahau,best,176.7154083,-40.30103683
21,Feature,Point,"[176.7445984, -40.32045746]",2023p439726,2023-06-12T16:46:12.738Z,11.15955448,2.600502823,3,10 km east of Porangahau,best,176.7445984,-40.32045746
22,Feature,Point,"[176.7344055, -40.31180573]",2023p439723,2023-06-12T16:44:25.309Z,12.22340393,3.622981548,4,5 km east of Porangahau,best,176.7344055,-40.31180573
23,Feature,Point,"[176.7290497, -40.30208969]",2023p439136,2023-06-12T11:31:56.767Z,14.44944763,2.313691991,3,5 km east of Porangahau,best,176.7290497,-40.30208969
24,Feature,Point,"[176.7594452, -40.30599976]",2023p438677,2023-06-12T07:27:16.867Z,11.26542568,3.09320777,4,10 km east of Porangahau,best,176.7594452,-40.30599976
25,Feature,Point,"[177.7494507, -38.32469559]",2023p438667,2023-06-12T07:22:11.665Z,18.58528709,2.608432096,3,15 km east of Matawai,best,177.7494507,-38.32469559
26,Feature,Point,"[176.7663422, -40.29496384]",2023p438186,2023-06-12T03:05:31.379Z,10.55007458,2.743484646,3,10 km east of Porangahau,best,176.7663422,-40.29496384
27,Feature,Point,"[177.5555267, -37.90985489]",2023p435241,2023-06-11T00:56:42.022Z,8.756322861,2.725888442,3,20 km south-west of Te Kaha,best,177.5555267,-37.90985489
28,Feature,Point,"[175.2437744, -41.24114609]",2023p433920,2023-06-10T13:13:05.515Z,20.48337936,2.806678463,3,15 km west of Martinborough,best,175.2437744,-41.24114609
29,Feature,Point,"[176.7187347, -40.32629013]",2023p432591,2023-06-10T01:24:54.845Z,5.0,2.470748464,3,5 km east of Porangahau,best,176.7187347,-40.32629013
30,Feature,Point,"[176.7575836, -40.35208893]",2023p431567,2023-06-09T16:19:05.824Z,12.45586205,2.538862888,3,10 km south-east of Porangahau,best,176.7575836,-40.35208893
31,Feature,Point,"[169.0150909, -43.90911102]",2023p430138,2023-06-09T03:37:39.439Z,5.0,2.345647665,3,Within 5 km of Haast,best,169.0150909,-43.90911102
32,Feature,Point,"[176.6820068, -40.32500458]",2023p428815,2023-06-08T15:53:02.810Z,14.5344162,2.294398387,3,5 km south-east of Porangahau,best,176.6820068,-40.32500458
33,Feature,Point,"[176.7269287, -40.33335876]",2023p428604,2023-06-08T14:00:23.649Z,13.53700638,2.167018273,3,5 km east of Porangahau,best,176.7269287,-40.33335876
34,Feature,Point,"[176.7364349, -40.36449814]",2023p428379,2023-06-08T12:00:29.595Z,18.4204483,4.769606571,6,10 km south-east of Porangahau,best,176.7364349,-40.36449814
35,Feature,Point,"[176.7102356, -40.3327446]",2023p428233,2023-06-08T10:42:48.512Z,13.28438473,2.407332472,3,5 km south-east of Porangahau,best,176.7102356,-40.3327446
36,Feature,Point,"[176.6854706, -40.33396912]",2023p428066,2023-06-08T09:13:35.756Z,15.09069443,3.300505656,4,5 km south-east of Porangahau,best,176.6854706,-40.33396912
37,Feature,Point,"[176.7016602, -40.35639954]",2023p428057,2023-06-08T09:08:50.847Z,13.36636734,2.219543372,3,5 km south-east of Porangahau,best,176.7016602,-40.35639954
38,Feature,Point,"[176.696579, -40.34488297]",2023p428001,2023-06-08T08:39:08.318Z,17.07798195,2.331214362,3,5 km south-east of Porangahau,best,176.696579,-40.34488297
39,Feature,Point,"[176.7270355, -40.35204697]",2023p427805,2023-06-08T06:54:43.150Z,15.4692421,4.821995856,6,10 km south-east of Porangahau,best,176.7270355,-40.35204697
40,Feature,Point,"[175.1993103, -41.23221588]",2023p427102,2023-06-08T00:40:04.230Z,14.03784275,2.545577458,3,15 km south-east of Upper Hutt,best,175.1993103,-41.23221588
41,Feature,Point,"[175.1975861, -41.22793961]",2023p427098,2023-06-08T00:38:02.196Z,15.41283989,2.578077868,3,15 km south-east of Upper Hutt,best,175.1975861,-41.22793961
42,Feature,Point,"[175.9345131, -40.14796137]",2023p426860,2023-06-07T22:31:14.329Z,11.5625,2.655135791,3,15 km west of Dannevirke,deleted,175.9345131,-40.14796137
43,Feature,Point,"[174.356842, -39.51321793]",2023p424081,2023-06-06T21:50:53.171Z,33.0,2.882424166,3,5 km north-east of Hawera,best,174.356842,-39.51321793
44,Feature,Point,"[174.9912262, -40.58126068]",2023p420135,2023-06-05T10:48:25.483Z,27.4094944,3.373841441,3,20 km west of Levin,best,174.9912262,-40.58126068
45,Feature,Point,"[176.0859375, -38.66657639]",2023p418253,2023-06-04T18:06:41.256Z,5.760464191,2.180685196,3,Within 5 km of Taupo,best,176.0859375,-38.66657639
46,Feature,Point,"[176.0827026, -38.66330719]",2023p418239,2023-06-04T17:58:06.206Z,4.793747902,2.006960202,3,Within 5 km of Taupo,best,176.0827026,-38.66330719
47,Feature,Point,"[176.0827789, -38.66752243]",2023p418212,2023-06-04T17:43:32.978Z,4.722939014,2.149897857,3,Within 5 km of Taupo,best,176.0827789,-38.66752243
48,Feature,Point,"[176.0967102, -38.68348694]",2023p418196,2023-06-04T17:35:11.481Z,4.20952034,1.872679732,3,Within 5 km of Taupo,best,176.0967102,-38.68348694
49,Feature,Point,"[176.0842133, -38.66020966]",2023p418102,2023-06-04T16:45:16.559Z,6.505983829,1.976784676,3,Within 5 km of Taupo,best,176.0842133,-38.66020966
50,Feature,Point,"[176.5306396, -39.96374893]",2023p416190,2023-06-03T23:46:29.922Z,39.252388,3.067140699,3,Within 5 km of Waipukurau,best,176.5306396,-39.96374893
51,Feature,Point,"[175.6192322, -39.79687881]",2023p414334,2023-06-03T07:17:14.811Z,14.4023304,2.521375364,3,15 km north of Hunterville,best,175.6192322,-39.79687881
52,Feature,Point,"[173.7285217, -41.38988086]",2023p413616,2023-06-03T00:54:53.611Z,34.0625,3.279713902,3,20 km north-west of Blenheim,deleted,173.7285217,-41.38988086
53,Feature,Point,"[178.9558411, -37.21973419]",2023p413614,2023-06-03T00:53:39.503Z,12.0,4.458952434,3,65 km north-east of Te Araroa,best,178.9558411,-37.21973419
54,Feature,Point,"[174.8479156, -40.14141846]",2023p412749,2023-06-02T17:12:56.643Z,19.12252426,2.832250915,3,25 km south-west of Whanganui,best,174.8479156,-40.14141846
55,Feature,Point,"[173.9995728, -39.01372147]",2023p412559,2023-06-02T15:31:41.459Z,9.242073059,2.330743698,3,5 km north-west of New Plymouth,best,173.9995728,-39.01372147
56,Feature,Point,"[175.320282, -41.16915512]",2023p412351,2023-06-02T13:40:51.012Z,22.80835533,3.113589552,3,10 km north-west of Martinborough,best,175.320282,-41.16915512
57,Feature,Point,"[175.6999969, -40.88214493]",2023p410550,2023-06-01T21:41:16.398Z,19.93922043,2.638477568,3,5 km north-east of Masterton,best,175.6999969,-40.88214493
58,Feature,Point,"[177.6415097, -37.80199032]",2023p409493,2023-06-01T12:18:07.875Z,5.46875,2.737550906,3,5 km south-west of Te Kaha,deleted,177.6415097,-37.80199032
59,Feature,Point,"[175.0970459, -40.06544495]",2023p407370,2023-05-31T17:26:59.616Z,20.32329369,2.917565873,3,15 km south of Whanganui,best,175.0970459,-40.06544495
60,Feature,Point,"[178.0031281, -38.49453354]",2023p406146,2023-05-31T06:35:04.047Z,23.46002007,3.115777592,3,15 km north of Gisborne,best,178.0031281,-38.49453354
61,Feature,Point,"[163.7926483, -49.78672409]",2023p405672,2023-05-31T02:21:19.550Z,12.0,6.113343801,3,280 km south-west of Snares Islands,best,163.7926483,-49.78672409
62,Feature,Point,"[178.9697418, -37.95320511]",2023p405306,2023-05-30T23:07:24.808Z,33.0,3.480277725,3,55 km east of Ruatoria,best,178.9697418,-37.95320511
63,Feature,Point,"[174.4230957, -41.52757263]",2023p403284,2023-05-30T05:09:47.572Z,5.0,3.723968812,3,30 km north-east of Seddon,best,174.4230957,-41.52757263
64,Feature,Point,"[167.1573486, -45.53979874]",2023p401679,2023-05-29T14:54:56.274Z,60.3452034,3.585786163,3,45 km west of Te Anau,best,167.1573486,-45.53979874
65,Feature,Point,"[177.5312554, -38.27671952]",2023p399372,2023-05-28T18:25:39.893Z,5.9375,2.531977518,3,5 km north of Matawai,deleted,177.5312554,-38.27671952
66,Feature,Point,"[175.9233093, -40.43084717]",2023p399005,2023-05-28T15:10:28.833Z,20.29997444,2.961259521,3,25 km north-west of Pongaroa,best,175.9233093,-40.43084717
67,Feature,Point,"[169.1507874, -45.10396576]",2023p398546,2023-05-28T11:05:46.332Z,5.0,3.380118029,3,20 km north-west of Alexandra,best,169.1507874,-45.10396576
68,Feature,Point,"[178.3968048, -37.88220978]",2023p396443,2023-05-27T16:25:00.525Z,12.0,2.097538112,3,5 km east of Ruatoria,best,178.3968048,-37.88220978
69,Feature,Point,"[178.181259, -37.44397272]",2023p394629,2023-05-27T00:18:41.084Z,9.6875,3.314339388,3,25 km north-west of Te Araroa,deleted,178.181259,-37.44397272
70,Feature,Point,"[173.9750366, -38.99623489]",2023p393762,2023-05-26T16:36:26.440Z,6.938229561,2.49079356,3,10 km north-west of New Plymouth,best,173.9750366,-38.99623489
71,Feature,Point,"[174.7931232, -41.29619068]",2023p393069,2023-05-26T10:27:26.710Z,5.46875,2.090634682,3,Within 5 km of Wellington,deleted,174.7931232,-41.29619068
72,Feature,Point,"[175.4412893, -39.94639191]",2023p392776,2023-05-26T07:51:16.242Z,20.9375,2.437934906,3,10 km west of Hunterville,deleted,175.4412893,-39.94639191
73,Feature,Point,"[176.6903687, -39.82504654]",2023p390933,2023-05-25T15:29:09.402Z,27.55759239,2.806058107,3,20 km north-east of Waipukurau,best,176.6903687,-39.82504654
74,Feature,Point,"[175.6526794, -41.36194992]",2023p389099,2023-05-24T23:12:16.437Z,14.11856651,3.359400489,3,20 km south-east of Martinborough,best,175.6526794,-41.36194992
75,Feature,Point,"[175.9080048, -39.21011734]",2023p388817,2023-05-24T20:42:12.346Z,41.82814789,3.302606925,3,25 km south of Turangi,best,175.9080048,-39.21011734
76,Feature,Point,"[173.2346039, -41.76309204]",2023p387706,2023-05-24T10:50:00.125Z,64.12028503,3.769699053,3,30 km east of St Arnaud,best,173.2346039,-41.76309204
77,Feature,Point,"[176.5916443, -40.29998016]",2023p386937,2023-05-24T04:00:07.292Z,13.46235752,2.077107455,3,Within 5 km of Porangahau,best,176.5916443,-40.29998016
78,Feature,Point,"[176.7645563, -38.62971496]",2023p386474,2023-05-23T23:53:55.207Z,29.375,3.154161487,3,20 km south of Murupara,deleted,176.7645563,-38.62971496
79,Feature,Point,"[174.2724304, -41.61839294]",2023p385717,2023-05-23T17:10:02.677Z,10.01917267,2.665493899,3,15 km east of Seddon,best,174.2724304,-41.61839294
80,Feature,Point,"[173.9924316, -39.02561569]",2023p384369,2023-05-23T05:12:13.926Z,12.0,2.909444677,4,5 km north-west of New Plymouth,best,173.9924316,-39.02561569
81,Feature,Point,"[167.3825836, -45.26208115]",2023p381782,2023-05-22T06:13:34.315Z,12.0,2.991791293,3,30 km north-west of Te Anau,best,167.3825836,-45.26208115
82,Feature,Point,"[175.7432861, -40.47729874]",2023p380524,2023-05-21T19:03:15.624Z,23.98055458,3.195007643,3,15 km south-east of Palmerston North,best,175.7432861,-40.47729874
83,Feature,Point,"[176.7602234, -38.63122177]",2023p378262,2023-05-20T22:58:11.764Z,37.53887177,3.508508571,3,20 km south of Murupara,best,176.7602234,-38.63122177
84,Feature,Point,"[173.7602997, -41.43432236]",2023p376910,2023-05-20T10:57:48.910Z,30.48737335,4.083965553,4,15 km north-west of Blenheim,best,173.7602997,-41.43432236
85,Feature,Point,"[176.730896, -40.27012253]",2023p376799,2023-05-20T09:58:38.363Z,13.97704506,2.228988945,3,5 km east of Porangahau,best,176.730896,-40.27012253
86,Feature,Point,"[176.0499725, -38.66960907]",2023p375416,2023-05-19T21:41:40.826Z,3.290023565,2.06703652,3,Within 5 km of Taupo,best,176.0499725,-38.66960907
87,Feature,Point,"[176.0714264, -38.66870117]",2023p375280,2023-05-19T20:30:10.876Z,4.698062897,1.871179712,3,Within 5 km of Taupo,best,176.0714264,-38.66870117
88,Feature,Point,"[173.9908447, -39.00314713]",2023p373635,2023-05-19T05:52:45.223Z,8.1749897,2.270232633,3,10 km north-west of New Plymouth,best,173.9908447,-39.00314713
89,Feature,Point,"[176.119643, -40.11351542]",2023p372506,2023-05-18T19:51:39.200Z,5.9375,2.496250154,3,5 km north of Dannevirke,deleted,176.119643,-40.11351542
90,Feature,Point,"[177.2583618, -37.87894821]",2023p372203,2023-05-18T17:10:08.432Z,50.19160461,3.683199043,3,15 km north of Opotiki,best,177.2583618,-37.87894821
91,Feature,Point,"[177.5575734, -37.76439925]",2023p371694,2023-05-18T12:38:49.887Z,5.9375,2.595049083,3,10 km west of Te Kaha,deleted,177.5575734,-37.76439925
92,Feature,Point,"[176.5652924, -40.26567459]",2023p370172,2023-05-17T23:08:01.059Z,14.87419987,2.468092666,3,5 km north-west of Porangahau,best,176.5652924,-40.26567459
93,Feature,Point,"[171.6586151, -42.94658661]",2023p370053,2023-05-17T22:04:29.261Z,5.0,3.835660725,5,5 km east of Arthur's Pass,best,171.6586151,-42.94658661
94,Feature,Point,"[176.4841461, -39.69089508]",2023p369680,2023-05-17T18:45:51.199Z,26.79932976,3.074648032,3,30 km west of Hastings,best,176.4841461,-39.69089508
95,Feature,Point,"[171.8104706, -42.59585953]",2023p367197,2023-05-16T20:42:46.240Z,5.0,4.40354389,3,40 km north-east of Arthur's Pass,best,171.8104706,-42.59585953
96,Feature,Point,"[171.8169708, -42.5863266]",2023p367190,2023-05-16T20:39:16.907Z,5.0,4.534175304,3,45 km north-east of Arthur's Pass,best,171.8169708,-42.5863266
97,Feature,Point,"[176.5258179, -40.23888397]",2023p366992,2023-05-16T18:53:30.981Z,12.62873173,2.345195956,3,10 km north-west of Porangahau,best,176.5258179,-40.23888397
98,Feature,Point,"[176.2187042, -38.21793365]",2023p365986,2023-05-16T09:57:28.177Z,10.0,3.16623464,4,5 km south of Rotorua,deleted,176.2187042,-38.21793365
99,Feature,Point,"[176.5749512, -40.25402451]",2023p365942,2023-05-16T09:33:59.870Z,13.18859482,2.211947149,3,5 km north-west of Porangahau,best,176.5749512,-40.25402451
0,Feature,Point,"[176.7618408, -40.30765152]",2023p448713,2023-06-16T00:34:43.355Z,12.11849308,3.172316205,4,10 km east of Porangahau,best,176.7618408,-40.30765152
1,Feature,Point,"[172.6117328, -41.94457996]",2023p447992,2023-06-15T18:10:40.148Z,41.5625,4.089952702,4,25 km south-west of St Arnaud,deleted,172.6117328,-41.94457996
2,Feature,Point,"[177.4230932, -38.42000028]",2023p447991,2023-06-15T18:09:48.634Z,56.5625,4.000684892,4,10 km south-west of Matawai,deleted,177.4230932,-38.42000028
3,Feature,Point,"[176.7284851, -40.30025101]",2023p443755,2023-06-14T04:32:41.588Z,14.28466797,2.995928947,4,5 km east of Porangahau,best,176.7284851,-40.30025101
4,Feature,Point,"[176.7337189, -40.29341888]",2023p440473,2023-06-12T23:24:21.604Z,12.43116188,2.986319034,4,5 km east of Porangahau,best,176.7337189,-40.29341888
5,Feature,Point,"[176.7344055, -40.31180573]",2023p439723,2023-06-12T16:44:25.309Z,12.22340393,3.622981548,4,5 km east of Porangahau,best,176.7344055,-40.31180573
6,Feature,Point,"[176.7594452, -40.30599976]",2023p438677,2023-06-12T07:27:16.867Z,11.26542568,3.09320777,4,10 km east of Porangahau,best,176.7594452,-40.30599976
7,Feature,Point,"[176.7364349, -40.36449814]",2023p428379,2023-06-08T12:00:29.595Z,18.4204483,4.769606571,6,10 km south-east of Porangahau,best,176.7364349,-40.36449814
8,Feature,Point,"[176.6854706, -40.33396912]",2023p428066,2023-06-08T09:13:35.756Z,15.09069443,3.300505656,4,5 km south-east of Porangahau,best,176.6854706,-40.33396912
9,Feature,Point,"[176.7270355, -40.35204697]",2023p427805,2023-06-08T06:54:43.150Z,15.4692421,4.821995856,6,10 km south-east of Porangahau,best,176.7270355,-40.35204697
10,Feature,Point,"[173.9924316, -39.02561569]",2023p384369,2023-05-23T05:12:13.926Z,12.0,2.909444677,4,5 km north-west of New Plymouth,best,173.9924316,-39.02561569
11,Feature,Point,"[173.7602997, -41.43432236]",2023p376910,2023-05-20T10:57:48.910Z,30.48737335,4.083965553,4,15 km north-west of Blenheim,best,173.7602997,-41.43432236
12,Feature,Point,"[171.6586151, -42.94658661]",2023p370053,2023-05-17T22:04:29.261Z,5.0,3.835660725,5,5 km east of Arthur's Pass,best,171.6586151,-42.94658661
13,Feature,Point,"[176.2187042, -38.21793365]",2023p365986,2023-05-16T09:57:28.177Z,10.0,3.16623464,4,5 km south of Rotorua,deleted,176.2187042,-38.21793365
14,Feature,Point,"[176.5441284, -40.26784134]",2023p355896,2023-05-12T16:21:47.032Z,14.18743229,3.401859809,4,5 km north-west of Porangahau,best,176.5441284,-40.26784134
15,Feature,Point,"[176.5741272, -40.29927063]",2023p350366,2023-05-10T15:15:09.147Z,11.39881134,2.851140277,4,Within 5 km of Porangahau,best,176.5741272,-40.29927063
16,Feature,Point,"[176.1468629, -40.60106545]",2023p337169,2023-05-05T18:04:11.291Z,30.3125,3.546714758,4,5 km south-west of Pongaroa,deleted,176.1468629,-40.60106545
17,Feature,Point,"[177.2187958, -37.22119141]",2023p336443,2023-05-05T11:37:12.594Z,169.0026245,5.311891228,4,70 km north-west of Te Kaha,best,177.2187958,-37.22119141
18,Feature,Point,"[175.7317963, -38.93082809]",2023p332248,2023-05-03T22:21:57.296Z,5.0,3.397504138,4,5 km north-west of Turangi,best,175.7317963,-38.93082809
19,Feature,Point,"[176.6583252, -40.30500031]",2023p324878,2023-05-01T04:55:23.975Z,16.59507942,3.453346394,4,Within 5 km of Porangahau,best,176.6583252,-40.30500031
20,Feature,Point,"[176.5760345, -40.25991058]",2023p323807,2023-04-30T19:24:35.262Z,14.55047989,3.213497173,4,5 km north-west of Porangahau,best,176.5760345,-40.25991058
21,Feature,Point,"[176.5786896, -40.26292038]",2023p323451,2023-04-30T16:14:51.181Z,14.25333691,2.987752905,4,5 km north-west of Porangahau,best,176.5786896,-40.26292038
22,Feature,Point,"[174.1653748, -41.70487976]",2023p322016,2023-04-30T03:30:30.783Z,9.859922409,2.975127288,4,5 km south-east of Seddon,best,174.1653748,-41.70487976
23,Feature,Point,"[176.5688171, -40.26570892]",2023p321389,2023-04-29T21:56:20.836Z,12.50420094,3.279240706,4,5 km north-west of Porangahau,best,176.5688171,-40.26570892
24,Feature,Point,"[176.6044922, -40.24713135]",2023p320554,2023-04-29T14:31:46.328Z,14.48484325,3.063114872,4,5 km north of Porangahau,best,176.6044922,-40.24713135
25,Feature,Point,"[174.4845428, -41.23601913]",2023p319014,2023-04-29T00:50:53.361Z,26.80751228,3.898046257,4,20 km west of Wellington,best,174.4845428,-41.23601913
26,Feature,Point,"[176.590744, -39.87871552]",2023p318922,2023-04-29T00:02:04.983Z,10.83402634,3.212003182,4,10 km north of Waipukurau,best,176.590744,-39.87871552
27,Feature,Point,"[176.5731659, -40.25460434]",2023p318439,2023-04-28T19:44:25.377Z,15.05329704,3.015873483,4,5 km north-west of Porangahau,best,176.5731659,-40.25460434
28,Feature,Point,"[176.606781, -40.24304962]",2023p316733,2023-04-28T04:35:42.604Z,13.05051041,2.868826285,4,5 km north of Porangahau,best,176.606781,-40.24304962
29,Feature,Point,"[176.6174164, -40.25769806]",2023p316654,2023-04-28T03:53:42.061Z,13.49755478,3.142210392,4,Within 5 km of Porangahau,best,176.6174164,-40.25769806
30,Feature,Point,"[176.6135101, -40.24872589]",2023p316588,2023-04-28T03:18:21.485Z,13.86770725,3.932410623,5,5 km north of Porangahau,best,176.6135101,-40.24872589
31,Feature,Point,"[176.5566406, -40.29243851]",2023p316128,2023-04-27T23:13:24.037Z,15.81411171,3.290707551,4,5 km west of Porangahau,best,176.5566406,-40.29243851
32,Feature,Point,"[176.5749359, -40.25301743]",2023p314797,2023-04-27T11:24:02.040Z,14.76738644,3.083687356,4,5 km north-west of Porangahau,best,176.5749359,-40.25301743
33,Feature,Point,"[176.535202, -40.30297852]",2023p314389,2023-04-27T07:46:34.899Z,16.26754951,2.964299964,4,5 km west of Porangahau,best,176.535202,-40.30297852
34,Feature,Point,"[173.9822693, -38.99763489]",2023p314352,2023-04-27T07:26:53.244Z,8.773147583,3.144160847,4,10 km north-west of New Plymouth,best,173.9822693,-38.99763489
35,Feature,Point,"[176.5544281, -40.2780838]",2023p313915,2023-04-27T03:33:58.343Z,15.9388628,3.524139274,4,5 km north-west of Porangahau,best,176.5544281,-40.2780838
36,Feature,Point,"[176.5831604, -40.25804901]",2023p312094,2023-04-26T11:23:51.189Z,12.81353378,2.805683293,4,5 km north-west of Porangahau,best,176.5831604,-40.25804901
37,Feature,Point,"[176.5331116, -40.27019501]",2023p311814,2023-04-26T08:54:29.932Z,16.27408791,3.944837513,5,5 km north-west of Porangahau,best,176.5331116,-40.27019501
38,Feature,Point,"[176.5369415, -40.28231049]",2023p311735,2023-04-26T08:12:25.154Z,14.25832272,2.900432041,4,5 km west of Porangahau,best,176.5369415,-40.28231049
39,Feature,Point,"[176.584137, -40.26886749]",2023p311709,2023-04-26T07:58:49.915Z,15.82965851,3.168963033,4,Within 5 km of Porangahau,best,176.584137,-40.26886749
40,Feature,Point,"[176.6135406, -40.26212692]",2023p311633,2023-04-26T07:18:04.469Z,14.27529621,3.454289742,4,Within 5 km of Porangahau,best,176.6135406,-40.26212692
41,Feature,Point,"[176.5233459, -40.2628746]",2023p311531,2023-04-26T06:23:58.170Z,13.07371235,3.651746341,4,5 km north-west of Porangahau,best,176.5233459,-40.2628746
42,Feature,Point,"[176.5326538, -40.25870132]",2023p311490,2023-04-26T06:01:56.438Z,14.13950348,4.169381199,5,5 km north-west of Porangahau,best,176.5326538,-40.25870132
43,Feature,Point,"[176.5259399, -40.26043701]",2023p311151,2023-04-26T03:01:18.536Z,14.77575397,3.289730621,4,5 km north-west of Porangahau,best,176.5259399,-40.26043701
44,Feature,Point,"[176.6371307, -40.28272629]",2023p310946,2023-04-26T01:12:24.166Z,17.74323845,4.16070754,5,Within 5 km of Porangahau,best,176.6371307,-40.28272629
45,Feature,Point,"[176.5305023, -40.27298355]",2023p310918,2023-04-26T00:57:21.294Z,14.03466988,2.989154613,4,5 km west of Porangahau,best,176.5305023,-40.27298355
46,Feature,Point,"[176.5546875, -40.28418732]",2023p310748,2023-04-25T23:26:36.148Z,15.47166443,3.424930885,4,5 km west of Porangahau,best,176.5546875,-40.28418732
47,Feature,Point,"[176.5244751, -40.26750183]",2023p310736,2023-04-25T23:20:12.634Z,13.92237854,3.406947739,4,5 km north-west of Porangahau,best,176.5244751,-40.26750183
48,Feature,Point,"[176.568222, -40.28403473]",2023p310697,2023-04-25T22:59:36.915Z,16.0716095,3.248893323,4,Within 5 km of Porangahau,best,176.568222,-40.28403473
49,Feature,Point,"[176.5708466, -40.26701736]",2023p310689,2023-04-25T22:55:20.343Z,15.00578594,3.521618382,4,5 km north-west of Porangahau,best,176.5708466,-40.26701736
50,Feature,Point,"[176.5302124, -40.2647438]",2023p310659,2023-04-25T22:39:10.133Z,12.49734879,3.170145559,4,5 km north-west of Porangahau,best,176.5302124,-40.2647438
51,Feature,Point,"[176.5661316, -40.28981781]",2023p310656,2023-04-25T22:37:40.117Z,16.5015564,2.939951702,4,Within 5 km of Porangahau,best,176.5661316,-40.28981781
52,Feature,Point,"[176.5569763, -40.27877808]",2023p310638,2023-04-25T22:28:11.301Z,14.73095417,4.311904002,5,5 km north-west of Porangahau,best,176.5569763,-40.27877808
53,Feature,Point,"[176.5384369, -40.26662827]",2023p310634,2023-04-25T22:25:51.398Z,13.06908035,2.993374751,4,5 km north-west of Porangahau,best,176.5384369,-40.26662827
54,Feature,Point,"[176.5295258, -40.2665062]",2023p310630,2023-04-25T22:23:45.176Z,13.83829498,3.448368605,4,5 km north-west of Porangahau,best,176.5295258,-40.2665062
55,Feature,Point,"[176.5094147, -40.27877045]",2023p310626,2023-04-25T22:21:42.022Z,14.04147816,3.41607838,4,5 km west of Porangahau,best,176.5094147,-40.27877045
56,Feature,Point,"[176.5203247, -40.26909256]",2023p310621,2023-04-25T22:19:03.548Z,13.39922428,5.439800973,7,5 km west of Porangahau,best,176.5203247,-40.26909256
57,Feature,Point,"[176.619812, -40.28248215]",2023p310616,2023-04-25T22:16:14.377Z,20.70372009,5.887213472,7,Within 5 km of Porangahau,best,176.619812,-40.28248215
58,Feature,Point,"[176.9318237, -39.86464691]",2023p309208,2023-04-25T09:46:16.471Z,21.33003426,3.743241868,4,20 km south of Hastings,best,176.9318237,-39.86464691
59,Feature,Point,"[176.5913391, -40.08096313]",2023p304853,2023-04-23T19:06:11.194Z,28.00518227,3.914252511,4,5 km south of Waipukurau,best,176.5913391,-40.08096313
60,Feature,Point,"[168.2132416, -44.60742188]",2023p300579,2023-04-22T05:08:51.318Z,58.36459351,4.088999551,4,20 km east of Milford Sound,best,168.2132416,-44.60742188
61,Feature,Point,"[172.7839966, -43.47298431]",2023p296804,2023-04-20T19:37:36.433Z,7.529037952,4.445952862,5,10 km north-east of Christchurch,best,172.7839966,-43.47298431
62,Feature,Point,"[172.7826233, -43.47497177]",2023p296792,2023-04-20T19:31:09.000Z,9.919352531,3.579130476,4,10 km north-east of Christchurch,best,172.7826233,-43.47497177
63,Feature,Point,"[172.7628632, -43.47076797]",2023p296210,2023-04-20T14:21:09.409Z,8.851059914,4.02354576,5,10 km north-east of Christchurch,best,172.7628632,-43.47076797
64,Feature,Point,"[175.979538, -40.33507538]",2023p280164,2023-04-14T15:51:51.715Z,22.89570427,3.646886669,4,15 km south-west of Dannevirke,best,175.979538,-40.33507538
65,Feature,Point,"[176.5878906, -40.27685165]",2023p278474,2023-04-14T00:51:26.571Z,13.89172077,3.216195098,4,Within 5 km of Porangahau,best,176.5878906,-40.27685165
66,Feature,Point,"[175.1800232, -40.51976395]",2023p272423,2023-04-11T19:07:27.243Z,11.6827364,3.168178415,4,10 km north-west of Levin,best,175.1800232,-40.51976395
67,Feature,Point,"[177.732666, -38.57107925]",2023p239271,2023-03-30T12:43:52.608Z,23.62226295,3.76419353,4,25 km north-west of Gisborne,best,177.732666,-38.57107925
68,Feature,Point,"[175.3454742, -40.1852684]",2023p238323,2023-03-30T04:18:42.522Z,19.70342255,3.542793703,4,15 km west of Feilding,best,175.3454742,-40.1852684
69,Feature,Point,"[175.3588257, -40.21519089]",2023p236682,2023-03-29T13:44:37.740Z,23.13588524,3.550437764,4,15 km west of Feilding,best,175.3588257,-40.21519089
70,Feature,Point,"[174.4224243, -40.21088028]",2023p229809,2023-03-27T00:42:15.599Z,90.22136688,4.879868574,4,50 km south of Waverley,best,174.4224243,-40.21088028
71,Feature,Point,"[172.738327, -43.51864243]",2023p228763,2023-03-26T15:25:06.497Z,6.743599892,3.003875354,4,5 km east of Christchurch,best,172.738327,-43.51864243
72,Feature,Point,"[176.4117889, -40.03364563]",2023p226064,2023-03-25T15:27:19.246Z,12.60501289,3.21201004,4,10 km west of Waipukurau,best,176.4117889,-40.03364563
73,Feature,Point,"[178.1666572, -37.73999762]",2023p223101,2023-03-24T13:08:28.320Z,6.875,3.663318442,4,20 km north-west of Ruatoria,deleted,178.1666572,-37.73999762
74,Feature,Point,"[172.8381348, -42.81556702]",2023p216781,2023-03-22T05:01:26.316Z,7.565999985,2.725700525,4,Within 5 km of Culverden,best,172.8381348,-42.81556702
75,Feature,Point,"[176.7447662, -38.03915787]",2023p212590,2023-03-20T15:48:28.362Z,3.248811007,4.142699343,4,20 km west of Whakatane,best,176.7447662,-38.03915787
76,Feature,Point,"[176.734848, -38.05051422]",2023p207850,2023-03-18T21:42:39.943Z,4.782305717,4.246460577,4,20 km south-west of Whakatane,best,176.734848,-38.05051422
77,Feature,Point,"[172.8193054, -43.65182877]",2023p205534,2023-03-18T01:09:01.342Z,4.528838158,3.926830082,4,20 km south-east of Christchurch,best,172.8193054,-43.65182877
78,Feature,Point,"[172.8333435, -43.65653229]",2023p205484,2023-03-18T00:42:06.128Z,5.043510437,4.663001957,4,20 km north-west of Akaroa,best,172.8333435,-43.65653229
79,Feature,Point,"[176.6815948, -38.10529709]",2023p205256,2023-03-17T22:40:34.005Z,7.80541563,4.041352668,4,30 km south-west of Whakatane,best,176.6815948,-38.10529709
80,Feature,Point,"[176.6756439, -38.10067749]",2023p205252,2023-03-17T22:38:47.190Z,7.302465916,4.038462794,4,30 km south-west of Whakatane,best,176.6756439,-38.10067749
81,Feature,Point,"[175.6308963, -40.35558666]",2023p205057,2023-03-17T20:54:55.222Z,6.875,2.85402806,4,Within 5 km of Palmerston North,automatic,175.6308963,-40.35558666
82,Feature,Point,"[176.709198, -38.05813217]",2023p204951,2023-03-17T19:58:07.209Z,4.78091383,4.815444277,4,25 km west of Whakatane,best,176.709198,-38.05813217
83,Feature,Point,"[176.6934509, -38.06438065]",2023p204478,2023-03-17T15:46:01.655Z,4.716814995,4.926049046,4,25 km south-west of Whakatane,best,176.6934509,-38.06438065
84,Feature,Point,"[176.6967316, -38.06930542]",2023p204450,2023-03-17T15:31:06.273Z,2.665169954,4.661661125,4,25 km south-west of Whakatane,best,176.6967316,-38.06930542
85,Feature,Point,"[167.5045624, -44.98408127]",2023p202703,2023-03-17T00:00:19.172Z,73.68275452,4.624566546,4,45 km south-west of Milford Sound,best,167.5045624,-44.98408127
86,Feature,Point,"[175.6483154, -41.37074661]",2023p202484,2023-03-16T22:03:57.191Z,15.37640285,3.585663687,4,20 km south-east of Martinborough,best,175.6483154,-41.37074661
87,Feature,Point,"[175.600032, -40.98656269]",2023p200114,2023-03-16T01:01:13.812Z,10.15625,4.212525651,5,5 km south-west of Masterton,deleted,175.600032,-40.98656269
88,Feature,Point,"[177.734726, -37.32523346]",2023p192961,2023-03-13T09:29:43.322Z,33.0,4.120976933,4,45 km north of Te Kaha,best,177.734726,-37.32523346
89,Feature,Point,"[176.0250549, -40.87731552]",2023p189923,2023-03-12T06:31:14.001Z,20.29569244,3.546555447,4,15 km west of Castlepoint,best,176.0250549,-40.87731552
90,Feature,Point,"[174.4730225, -41.27246475]",2023p187628,2023-03-11T10:08:18.445Z,44.2934494,4.37213644,4,20 km west of Wellington,best,174.4730225,-41.27246475
91,Feature,Point,"[172.458313, -42.58165741]",2023p187624,2023-03-11T10:06:12.926Z,7.510389805,4.462665702,4,30 km west of Hanmer Springs,best,172.458313,-42.58165741
92,Feature,Point,"[177.6962724, -37.77870048]",2023p184644,2023-03-10T07:38:32.387Z,10.625,2.933829568,4,Within 5 km of Te Kaha,deleted,177.6962724,-37.77870048
93,Feature,Point,"[172.4883575, -42.57355881]",2023p178504,2023-03-08T01:07:07.728Z,6.418598652,4.318030684,4,25 km west of Hanmer Springs,best,172.4883575,-42.57355881
94,Feature,Point,"[177.0331533, -37.98140978]",2023p175349,2023-03-06T21:06:25.495Z,5.9375,3.08731003,4,Within 5 km of Whakatane,deleted,177.0331533,-37.98140978
95,Feature,Point,"[175.9204712, -38.82116699]",2023p170633,2023-03-05T03:13:40.797Z,5.0,4.403312009,4,15 km south-west of Taupo,best,175.9204712,-38.82116699
96,Feature,Point,"[176.2540804, -40.30673881]",2023p168329,2023-03-04T06:45:51.848Z,5.234375,4.310831184,4,15 km south-east of Dannevirke,deleted,176.2540804,-40.30673881
97,Feature,Point,"[172.7221375, -43.57415771]",2023p159349,2023-02-28T23:01:39.902Z,9.765911102,3.264757992,4,5 km south-east of Christchurch,best,172.7221375,-43.57415771
98,Feature,Point,"[174.1232147, -41.34016037]",2023p157593,2023-02-28T07:26:07.288Z,28.98431587,4.765317173,5,10 km south-east of Picton,best,174.1232147,-41.34016037
99,Feature,Point,"[177.4976654, -37.67841339]",2023p154834,2023-02-27T06:55:44.812Z,41.85671616,4.24534421,4,15 km north-west of Te Kaha,best,177.4976654,-37.67841339
0,Feature,Point,"[176.7364349, -40.36449814]",2023p428379,2023-06-08T12:00:29.595Z,18.4204483,4.769606571,6,10 km south-east of Porangahau,best,176.7364349,-40.36449814
1,Feature,Point,"[176.7270355, -40.35204697]",2023p427805,2023-06-08T06:54:43.150Z,15.4692421,4.821995856,6,10 km south-east of Porangahau,best,176.7270355,-40.35204697
2,Feature,Point,"[171.6586151, -42.94658661]",2023p370053,2023-05-17T22:04:29.261Z,5.0,3.835660725,5,5 km east of Arthur's Pass,best,171.6586151,-42.94658661
3,Feature,Point,"[176.6135101, -40.24872589]",2023p316588,2023-04-28T03:18:21.485Z,13.86770725,3.932410623,5,5 km north of Porangahau,best,176.6135101,-40.24872589
4,Feature,Point,"[176.5331116, -40.27019501]",2023p311814,2023-04-26T08:54:29.932Z,16.27408791,3.944837513,5,5 km north-west of Porangahau,best,176.5331116,-40.27019501
5,Feature,Point,"[176.5326538, -40.25870132]",2023p311490,2023-04-26T06:01:56.438Z,14.13950348,4.169381199,5,5 km north-west of Porangahau,best,176.5326538,-40.25870132
6,Feature,Point,"[176.6371307, -40.28272629]",2023p310946,2023-04-26T01:12:24.166Z,17.74323845,4.16070754,5,Within 5 km of Porangahau,best,176.6371307,-40.28272629
7,Feature,Point,"[176.5569763, -40.27877808]",2023p310638,2023-04-25T22:28:11.301Z,14.73095417,4.311904002,5,5 km north-west of Porangahau,best,176.5569763,-40.27877808
8,Feature,Point,"[176.5203247, -40.26909256]",2023p310621,2023-04-25T22:19:03.548Z,13.39922428,5.439800973,7,5 km west of Porangahau,best,176.5203247,-40.26909256
9,Feature,Point,"[176.619812, -40.28248215]",2023p310616,2023-04-25T22:16:14.377Z,20.70372009,5.887213472,7,Within 5 km of Porangahau,best,176.619812,-40.28248215
10,Feature,Point,"[172.7839966, -43.47298431]",2023p296804,2023-04-20T19:37:36.433Z,7.529037952,4.445952862,5,10 km north-east of Christchurch,best,172.7839966,-43.47298431
11,Feature,Point,"[172.7628632, -43.47076797]",2023p296210,2023-04-20T14:21:09.409Z,8.851059914,4.02354576,5,10 km north-east of Christchurch,best,172.7628632,-43.47076797
12,Feature,Point,"[175.600032, -40.98656269]",2023p200114,2023-03-16T01:01:13.812Z,10.15625,4.212525651,5,5 km south-west of Masterton,deleted,175.600032,-40.98656269
13,Feature,Point,"[174.1232147, -41.34016037]",2023p157593,2023-02-28T07:26:07.288Z,28.98431587,4.765317173,5,10 km south-east of Picton,best,174.1232147,-41.34016037
14,Feature,Point,"[173.5926819, -41.53334427]",2023p140223,2023-02-21T21:11:19.104Z,46.0640831,4.796408304,5,25 km west of Blenheim,best,173.5926819,-41.53334427
15,Feature,Point,"[174.5874176, -40.57481766]",2023p122368,2023-02-15T06:38:10.342Z,54.28686523,5.976956766,6,50 km north-west of Paraparaumu,best,174.5874176,-40.57481766
16,Feature,Point,"[178.3020619, -37.72588069]",2023p117270,2023-02-13T09:21:44.722Z,5.46875,4.4149161,5,10 km south-west of Te Araroa,deleted,178.3020619,-37.72588069
17,Feature,Point,"[175.7054138, -37.58729935]",2023p087955,2023-02-02T13:02:43.493Z,5.955107212,4.795154627,6,5 km south of Te Aroha,best,175.7054138,-37.58729935
18,Feature,Point,"[175.688858, -37.59424973]",2023p007922,2023-01-03T22:21:21.637Z,4.727142811,3.956993661,5,5 km south of Te Aroha,best,175.688858,-37.59424973
19,Feature,Point,"[175.6892548, -37.59829712]",2023p007281,2023-01-03T16:39:21.821Z,6.732970715,5.109284389,6,5 km south of Te Aroha,best,175.6892548,-37.59829712
20,Feature,Point,"[175.6903229, -37.59886932]",2022p977695,2022-12-28T17:56:17.916Z,6.795552731,3.941431134,5,5 km south of Te Aroha,best,175.6903229,-37.59886932
21,Feature,Point,"[175.9462433, -38.8229866]",2022p902801,2022-12-01T00:53:00.650Z,9.71019268,4.103607639,5,15 km south-west of Taupo,best,175.9462433,-38.8229866
22,Feature,Point,"[175.9560089, -38.85837173]",2022p901216,2022-11-30T10:47:59.057Z,9.143449783,5.74251188,6,20 km south-west of Taupo,best,175.9560089,-38.85837173
23,Feature,Point,"[177.7302485, -37.78975043]",2022p857336,2022-11-14T05:08:51.753Z,9.6875,4.58320538,6,5 km south-east of Te Kaha,deleted,177.7302485,-37.78975043
24,Feature,Point,"[177.6479671, -37.79552682]",2022p845259,2022-11-09T17:54:21.264Z,5.46875,3.999477061,5,5 km south-west of Te Kaha,deleted,177.6479671,-37.79552682
25,Feature,Point,"[177.9674612, -37.87706629]",2022p844361,2022-11-09T09:55:42.564Z,5.9375,5.247890602,5,25 km south-east of Te Kaha,deleted,177.9674612,-37.87706629
26,Feature,Point,"[172.6223755, -42.01646423]",2022p816171,2022-10-29T23:35:55.754Z,53.3392868,5.258944019,5,30 km south-west of St Arnaud,best,172.6223755,-42.01646423
27,Feature,Point,"[167.4156342, -45.15620804]",2022p757921,2022-10-08T10:20:46.582Z,54.29668427,5.217657991,5,35 km north-west of Te Anau,best,167.4156342,-45.15620804
28,Feature,Point,"[171.3452454, -42.40770721]",2022p725774,2022-09-26T12:52:52.798Z,5.0,4.737527064,5,10 km east of Greymouth,best,171.3452454,-42.40770721
29,Feature,Point,"[174.1851654, -40.81290436]",2022p714540,2022-09-22T09:07:06.335Z,52.74744415,5.787389653,6,30 km north-east of French Pass,best,174.1851654,-40.81290436
30,Feature,Point,"[177.7371681, -37.77830384]",2022p684821,2022-09-11T09:12:53.745Z,5.46875,4.031771771,5,5 km south-east of Te Kaha,deleted,177.7371681,-37.77830384
31,Feature,Point,"[176.0004578, -38.78856659]",2022p680474,2022-09-09T18:36:36.050Z,5.0,4.231827311,5,10 km south-west of Taupo,best,176.0004578,-38.78856659
32,Feature,Point,"[176.1014709, -40.93224716]",2022p674002,2022-09-07T09:08:38.262Z,22.15776443,4.112337034,5,10 km west of Castlepoint,best,176.1014709,-40.93224716
33,Feature,Point,"[167.3094635, -45.55469513]",2022p582126,2022-08-04T09:16:55.113Z,8.29031086,4.829876654,5,35 km south-west of Te Anau,best,167.3094635,-45.55469513
34,Feature,Point,"[171.5976562, -42.8635025]",2022p564358,2022-07-28T19:30:06.277Z,5.0,4.128549872,5,5 km north of Arthur's Pass,best,171.5976562,-42.8635025
35,Feature,Point,"[178.4715271, -37.77269363]",2022p557940,2022-07-26T10:30:54.085Z,39.94488525,5.316631133,5,15 km north-east of Ruatoria,best,178.4715271,-37.77269363
36,Feature,Point,"[174.2660522, -41.68252563]",2022p529447,2022-07-15T21:29:27.027Z,8.179680824,4.639776826,5,15 km east of Seddon,best,174.2660522,-41.68252563
37,Feature,Point,"[174.2029877, -41.74104691]",2022p465796,2022-06-22T08:16:36.072Z,12.08723354,4.43852101,5,10 km south-east of Seddon,best,174.2029877,-41.74104691
0,Feature,Point,"[176.7364349, -40.36449814]",2023p428379,2023-06-08T12:00:29.595Z,18.4204483,4.769606571,6,10 km south-east of Porangahau,best,176.7364349,-40.36449814
1,Feature,Point,"[176.7270355, -40.35204697]",2023p427805,2023-06-08T06:54:43.150Z,15.4692421,4.821995856,6,10 km south-east of Porangahau,best,176.7270355,-40.35204697
2,Feature,Point,"[176.5203247, -40.26909256]",2023p310621,2023-04-25T22:19:03.548Z,13.39922428,5.439800973,7,5 km west of Porangahau,best,176.5203247,-40.26909256
3,Feature,Point,"[176.619812, -40.28248215]",2023p310616,2023-04-25T22:16:14.377Z,20.70372009,5.887213472,7,Within 5 km of Porangahau,best,176.619812,-40.28248215
4,Feature,Point,"[174.5874176, -40.57481766]",2023p122368,2023-02-15T06:38:10.342Z,54.28686523,5.976956766,6,50 km north-west of Paraparaumu,best,174.5874176,-40.57481766
5,Feature,Point,"[175.7054138, -37.58729935]",2023p087955,2023-02-02T13:02:43.493Z,5.955107212,4.795154627,6,5 km south of Te Aroha,best,175.7054138,-37.58729935
6,Feature,Point,"[175.6892548, -37.59829712]",2023p007281,2023-01-03T16:39:21.821Z,6.732970715,5.109284389,6,5 km south of Te Aroha,best,175.6892548,-37.59829712
7,Feature,Point,"[175.9560089, -38.85837173]",2022p901216,2022-11-30T10:47:59.057Z,9.143449783,5.74251188,6,20 km south-west of Taupo,best,175.9560089,-38.85837173
8,Feature,Point,"[177.7302485, -37.78975043]",2022p857336,2022-11-14T05:08:51.753Z,9.6875,4.58320538,6,5 km south-east of Te Kaha,deleted,177.7302485,-37.78975043
9,Feature,Point,"[174.1851654, -40.81290436]",2022p714540,2022-09-22T09:07:06.335Z,52.74744415,5.787389653,6,30 km north-east of French Pass,best,174.1851654,-40.81290436
0,Feature,Point,"[176.5203247, -40.26909256]",2023p310621,2023-04-25T22:19:03.548Z,13.39922428,5.439800973,7,5 km west of Porangahau,best,176.5203247,-40.26909256
1,Feature,Point,"[176.619812, -40.28248215]",2023p310616,2023-04-25T22:16:14.377Z,20.70372009,5.887213472,7,Within 5 km of Porangahau,best,176.619812,-40.28248215
